	id	minute	result	X	Y	xG	player	h_a	player_id	situation	season	shotType	match_id	h_team	a_team	h_goals	a_goals	date	player_assisted	lastAction
0	258765	82	Goal	0.885	0.6880000305175781	0.051118601113557816	Vinícius Júnior	h	7008	OpenPlay	2018	RightFoot	10065	Real Madrid	Real Valladolid	2	0	2018-11-03 15:15:00	Isco	Pass
1	259285	89	MissedShots	0.7930000305175782	0.674000015258789	0.02699729986488819	Vinícius Júnior	a	7008	OpenPlay	2018	RightFoot	10084	Eibar	Real Madrid	3	0	2018-11-24 12:00:00	Marcelo	BallRecovery
2	260090	86	BlockedShot	0.924000015258789	0.27600000381469725	0.052585601806640625	Vinícius Júnior	h	7008	OpenPlay	2018	RightFoot	10116	Real Madrid	Rayo Vallecano	1	0	2018-12-15 17:30:00	Lucas Vázquez	Pass
3	279985	14	SavedShot	0.8930000305175781	0.6630000305175782	0.22689999639987946	Vinícius Júnior	h	7008	OpenPlay	2018	LeftFoot	10133	Real Madrid	Real Sociedad	0	2	2019-01-06 17:30:00	Karim Benzema	Pass
4	279997	46	SavedShot	0.9619999694824218	0.37099998474121093	0.08477749675512314	Vinícius Júnior	h	7008	FromCorner	2018	RightFoot	10133	Real Madrid	Real Sociedad	0	2	2019-01-06 17:30:00		Rebound
5	280002	50	MissedShots	0.86	0.41700000762939454	0.08507339656352997	Vinícius Júnior	h	7008	OpenPlay	2018	RightFoot	10133	Real Madrid	Real Sociedad	0	2	2019-01-06 17:30:00	Karim Benzema	TakeOn
6	280009	65	SavedShot	0.915	0.639000015258789	0.04910380020737648	Vinícius Júnior	h	7008	OpenPlay	2018	RightFoot	10133	Real Madrid	Real Sociedad	0	2	2019-01-06 17:30:00	Daniel Carvajal	Cross
7	280016	78	MissedShots	0.8780000305175781	0.73	0.02079389989376068	Vinícius Júnior	h	7008	OpenPlay	2018	RightFoot	10133	Real Madrid	Real Sociedad	0	2	2019-01-06 17:30:00	Daniel Carvajal	Cross
8	280021	91	MissedShots	0.75	0.7469999694824219	0.007655330002307892	Vinícius Júnior	h	7008	OpenPlay	2018	RightFoot	10133	Real Madrid	Real Sociedad	0	2	2019-01-06 17:30:00	Daniel Carvajal	Chipped
9	280264	20	SavedShot	0.865999984741211	0.7090000152587891	0.04881640151143074	Vinícius Júnior	a	7008	OpenPlay	2018	RightFoot	10143	Real Betis	Real Madrid	1	2	2019-01-13 19:45:00	Sergio Reguilón	Pass
10	280267	29	SavedShot	0.8730000305175781	0.4329999923706055	0.11152999848127365	Vinícius Júnior	a	7008	OpenPlay	2018	RightFoot	10143	Real Betis	Real Madrid	1	2	2019-01-13 19:45:00	Karim Benzema	Pass
11	280274	53	SavedShot	0.9069999694824219	0.725999984741211	0.044650599360466	Vinícius Júnior	a	7008	OpenPlay	2018	RightFoot	10143	Real Betis	Real Madrid	1	2	2019-01-13 19:45:00	Cristo González	Pass
12	280336	5	SavedShot	0.9059999847412109	0.3060000038146973	0.32671400904655457	Vinícius Júnior	h	7008	OpenPlay	2018	RightFoot	10150	Real Madrid	Sevilla	2	0	2019-01-19 15:15:00	Karim Benzema	Throughball
13	280337	6	BlockedShot	0.8830000305175781	0.36400001525878906	0.08242689818143845	Vinícius Júnior	h	7008	OpenPlay	2018	RightFoot	10150	Real Madrid	Sevilla	2	0	2019-01-19 15:15:00	Daniel Carvajal	Pass
14	280344	46	SavedShot	0.7440000152587891	0.6780000305175782	0.0178568996489048	Vinícius Júnior	h	7008	OpenPlay	2018	RightFoot	10150	Real Madrid	Sevilla	2	0	2019-01-19 15:15:00	Dani Ceballos	Pass
15	280345	51	MissedShots	0.9259999847412109	0.75	0.032503001391887665	Vinícius Júnior	h	7008	OpenPlay	2018	RightFoot	10150	Real Madrid	Sevilla	2	0	2019-01-19 15:15:00	Luka Modric	Pass
16	280354	62	MissedShots	0.825999984741211	0.534000015258789	0.07104729861021042	Vinícius Júnior	h	7008	OpenPlay	2018	RightFoot	10150	Real Madrid	Sevilla	2	0	2019-01-19 15:15:00	Dani Ceballos	Pass
17	280720	2	SavedShot	0.7959999847412109	0.674000015258789	0.02636829949915409	Vinícius Júnior	a	7008	OpenPlay	2018	RightFoot	10163	Espanyol	Real Madrid	2	4	2019-01-27 19:45:00	Toni Kroos	Pass
18	280989	15	SavedShot	0.8219999694824218	0.524000015258789	0.06488250195980072	Vinícius Júnior	h	7008	OpenPlay	2018	RightFoot	10172	Real Madrid	Alaves	3	0	2019-02-03 19:45:00		BallRecovery
19	280992	28	BlockedShot	0.8209999847412109	0.6680000305175782	0.03556869924068451	Vinícius Júnior	h	7008	OpenPlay	2018	RightFoot	10172	Real Madrid	Alaves	3	0	2019-02-03 19:45:00	Dani Ceballos	Pass
20	281002	63	BlockedShot	0.86	0.745999984741211	0.03548960015177727	Vinícius Júnior	h	7008	OpenPlay	2018	RightFoot	10172	Real Madrid	Alaves	3	0	2019-02-03 19:45:00	Dani Ceballos	Pass
21	281004	68	BlockedShot	0.8419999694824218	0.5609999847412109	0.08790399879217148	Vinícius Júnior	h	7008	OpenPlay	2018	RightFoot	10172	Real Madrid	Alaves	3	0	2019-02-03 19:45:00		Dispossessed
22	281005	69	MissedShots	0.8180000305175781	0.645	0.05825459957122803	Vinícius Júnior	h	7008	OpenPlay	2018	RightFoot	10172	Real Madrid	Alaves	3	0	2019-02-03 19:45:00	Luka Modric	Dispossessed
23	281009	79	Goal	0.9159999847412109	0.5979999923706054	0.42368099093437195	Vinícius Júnior	h	7008	OpenPlay	2018	RightFoot	10172	Real Madrid	Alaves	3	0	2019-02-03 19:45:00	Marco Asensio	Chipped
24	281437	76	MissedShots	0.86	0.6370000076293946	0.05770169943571091	Vinícius Júnior	h	7008	OpenPlay	2018	RightFoot	10189	Real Madrid	Girona	1	2	2019-02-17 11:00:00	Karim Benzema	Pass
25	281438	79	MissedShots	0.8090000152587891	0.639000015258789	0.037458401173353195	Vinícius Júnior	h	7008	OpenPlay	2018	RightFoot	10189	Real Madrid	Girona	1	2	2019-02-17 11:00:00	Álvaro Odriozola	Pass
26	281742	30	SavedShot	0.9390000152587891	0.27700000762939453	0.036386698484420776	Vinícius Júnior	a	7008	OpenPlay	2018	RightFoot	10199	Levante	Real Madrid	1	2	2019-02-24 19:45:00	Karim Benzema	Pass
27	281750	47	BlockedShot	0.7659999847412109	0.6079999923706054	0.031607501208782196	Vinícius Júnior	a	7008	OpenPlay	2018	RightFoot	10199	Levante	Real Madrid	1	2	2019-02-24 19:45:00	Sergio Reguilón	Pass
28	281752	58	MissedShots	0.9	0.6329999923706054	0.10104499757289886	Vinícius Júnior	a	7008	OpenPlay	2018	RightFoot	10199	Levante	Real Madrid	1	2	2019-02-24 19:45:00	Luka Modric	Pass
29	281754	64	BlockedShot	0.88	0.639000015258789	0.059602200984954834	Vinícius Júnior	a	7008	OpenPlay	2018	RightFoot	10199	Levante	Real Madrid	1	2	2019-02-24 19:45:00	Toni Kroos	Chipped
30	281757	70	SavedShot	0.8819999694824219	0.639000015258789	0.4914740025997162	Vinícius Júnior	a	7008	OpenPlay	2018	RightFoot	10199	Levante	Real Madrid	1	2	2019-02-24 19:45:00	Lucas Vázquez	Throughball
31	281902	27	BlockedShot	0.855	0.639000015258789	0.058544501662254333	Vinícius Júnior	h	7008	FromCorner	2018	RightFoot	10207	Real Madrid	Barcelona	0	1	2019-03-02 19:45:00		Rebound
32	281908	42	MissedShots	0.8719999694824219	0.6840000152587891	0.040908701717853546	Vinícius Júnior	h	7008	OpenPlay	2018	RightFoot	10207	Real Madrid	Barcelona	0	1	2019-03-02 19:45:00	Luka Modric	Pass
33	281910	55	SavedShot	0.875999984741211	0.6469999694824219	0.057679299265146255	Vinícius Júnior	h	7008	SetPiece	2018	RightFoot	10207	Real Madrid	Barcelona	0	1	2019-03-02 19:45:00	Sergio Ramos	Chipped
34	281912	58	BlockedShot	0.895	0.5570000076293945	0.07952229678630829	Vinícius Júnior	h	7008	OpenPlay	2018	RightFoot	10207	Real Madrid	Barcelona	0	1	2019-03-02 19:45:00		BlockedPass
35	281915	71	MissedShots	0.7609999847412109	0.5929999923706055	0.023652000352740288	Vinícius Júnior	h	7008	OpenPlay	2018	RightFoot	10207	Real Madrid	Barcelona	0	1	2019-03-02 19:45:00	Federico Valverde	Pass
36	281918	90	BlockedShot	0.8580000305175781	0.6780000305175782	0.03858819976449013	Vinícius Júnior	h	7008	FromCorner	2018	RightFoot	10207	Real Madrid	Barcelona	0	1	2019-03-02 19:45:00	Isco	Pass
37	300076	81	SavedShot	0.889000015258789	0.6	0.10378599911928177	Vinícius Júnior	h	7008	OpenPlay	2018	RightFoot	10312	Real Madrid	Villarreal	3	2	2019-05-05 15:15:00		BallTouch
38	300077	84	MissedShots	0.8619999694824219	0.7380000305175781	0.02931779995560646	Vinícius Júnior	h	7008	OpenPlay	2018	RightFoot	10312	Real Madrid	Villarreal	3	2	2019-05-05 15:15:00	Daniel Carvajal	Cross
39	303061	31	BlockedShot	0.8030000305175782	0.47200000762939454	0.03289970010519028	Vinícius Júnior	h	7008	SetPiece	2018	RightFoot	10328	Real Madrid	Real Betis	0	2	2019-05-19 10:00:00	Brahim Diaz	Pass
40	303067	56	SavedShot	0.965999984741211	0.62	0.25868698954582214	Vinícius Júnior	h	7008	OpenPlay	2018	LeftFoot	10328	Real Madrid	Real Betis	0	2	2019-05-19 10:00:00	Marcelo	TakeOn
41	303069	63	MissedShots	0.85	0.7019999694824218	0.030116699635982513	Vinícius Júnior	h	7008	OpenPlay	2018	RightFoot	10328	Real Madrid	Real Betis	0	2	2019-05-19 10:00:00	Federico Valverde	Pass
42	317007	56	MissedShots	0.9159999847412109	0.705999984741211	0.21282799541950226	Vinícius Júnior	h	7008	OpenPlay	2019	LeftFoot	12060	Real Madrid	Levante	3	2	2019-09-14 11:00:00		Rebound
43	317008	61	BlockedShot	0.9209999847412109	0.515	0.14451700448989868	Vinícius Júnior	h	7008	OpenPlay	2019	RightFoot	12060	Real Madrid	Levante	3	2	2019-09-14 11:00:00	Eden Hazard	Pass
44	317009	61	SavedShot	0.8780000305175781	0.49700000762939456	0.13835300505161285	Vinícius Júnior	h	7008	OpenPlay	2019	RightFoot	12060	Real Madrid	Levante	3	2	2019-09-14 11:00:00	Marcelo	Pass
45	317012	69	MissedShots	0.905	0.539000015258789	0.04176820069551468	Vinícius Júnior	h	7008	OpenPlay	2019	Head	12060	Real Madrid	Levante	3	2	2019-09-14 11:00:00	Marcelo	Aerial
46	317013	70	SavedShot	0.9059999847412109	0.43099998474121093	0.391092985868454	Vinícius Júnior	h	7008	OpenPlay	2019	RightFoot	12060	Real Madrid	Levante	3	2	2019-09-14 11:00:00	James Rodríguez	Chipped
47	321958	35	Goal	0.7909999847412109	0.6370000076293946	0.029101399704813957	Vinícius Júnior	h	7008	OpenPlay	2019	RightFoot	12078	Real Madrid	Osasuna	2	0	2019-09-25 19:00:00	Toni Kroos	Pass
48	321959	38	MissedShots	0.735999984741211	0.39099998474121095	0.020115099847316742	Vinícius Júnior	h	7008	OpenPlay	2019	RightFoot	12078	Real Madrid	Osasuna	2	0	2019-09-25 19:00:00		None
49	326675	14	MissedShots	0.815	0.55	0.05448339879512787	Vinícius Júnior	a	7008	OpenPlay	2019	RightFoot	12110	Mallorca	Real Madrid	1	0	2019-10-19 20:00:00	Álvaro Odriozola	Pass
50	326677	24	MissedShots	0.8219999694824218	0.55	0.12478599697351456	Vinícius Júnior	a	7008	OpenPlay	2019	RightFoot	12110	Mallorca	Real Madrid	1	0	2019-10-19 20:00:00		TakeOn
51	326678	25	BlockedShot	0.8719999694824219	0.705999984741211	0.03808550164103508	Vinícius Júnior	a	7008	OpenPlay	2019	RightFoot	12110	Mallorca	Real Madrid	1	0	2019-10-19 20:00:00	Casemiro	Chipped
52	329628	89	SavedShot	0.965999984741211	0.27	0.019378600642085075	Vinícius Júnior	h	7008	OpenPlay	2019	RightFoot	12139	Real Madrid	Real Betis	0	0	2019-11-02 20:00:00	Eden Hazard	Cross
53	329629	90	SavedShot	0.950999984741211	0.395	0.2990500032901764	Vinícius Júnior	h	7008	OpenPlay	2019	LeftFoot	12139	Real Madrid	Real Betis	0	0	2019-11-02 20:00:00	Ferland Mendy	Cross
54	329630	91	BlockedShot	0.899000015258789	0.33599998474121096	0.024283399805426598	Vinícius Júnior	h	7008	FromCorner	2019	LeftFoot	12139	Real Madrid	Real Betis	0	0	2019-11-02 20:00:00		Aerial
55	335438	5	SavedShot	0.9030000305175782	0.6580000305175782	0.08978009968996048	Vinícius Júnior	h	7008	OpenPlay	2019	RightFoot	12180	Real Madrid	Espanyol	2	0	2019-12-07 12:00:00	Karim Benzema	TakeOn
56	335444	26	SavedShot	0.9580000305175781	0.6580000305175782	0.08111529797315598	Vinícius Júnior	h	7008	OpenPlay	2019	RightFoot	12180	Real Madrid	Espanyol	2	0	2019-12-07 12:00:00	Karim Benzema	TakeOn
57	335447	42	SavedShot	0.9490000152587891	0.66	0.1009799987077713	Vinícius Júnior	h	7008	OpenPlay	2019	LeftFoot	12180	Real Madrid	Espanyol	2	0	2019-12-07 12:00:00	Karim Benzema	Pass
58	335454	65	BlockedShot	0.8669999694824219	0.6609999847412109	0.06733699887990952	Vinícius Júnior	h	7008	OpenPlay	2019	RightFoot	12180	Real Madrid	Espanyol	2	0	2019-12-07 12:00:00	Karim Benzema	Pass
59	337865	72	BlockedShot	0.87	0.6229999923706054	0.08130539953708649	Vinícius Júnior	a	7008	OpenPlay	2019	RightFoot	12192	Valencia	Real Madrid	1	1	2019-12-15 20:00:00	Karim Benzema	Pass
60	339453	10	SavedShot	0.9319999694824219	0.6079999923706054	0.16603399813175201	Vinícius Júnior	h	7008	OpenPlay	2019	RightFoot	12200	Real Madrid	Athletic Club	0	0	2019-12-22 20:00:00	Karim Benzema	TakeOn
61	339459	23	SavedShot	0.924000015258789	0.59	0.05039820075035095	Vinícius Júnior	h	7008	OpenPlay	2019	Head	12200	Real Madrid	Athletic Club	0	0	2019-12-22 20:00:00	Luka Modric	Chipped
62	353690	88	MissedShots	0.919000015258789	0.6719999694824219	0.2835629880428314	Vinícius Júnior	a	7008	OpenPlay	2019	LeftFoot	12207	Getafe	Real Madrid	0	3	2020-01-04 15:00:00	Luka Jovic	Pass
63	354927	62	MissedShots	0.874000015258789	0.675	0.05705000087618828	Vinícius Júnior	h	7008	OpenPlay	2019	RightFoot	12221	Real Madrid	Sevilla	2	1	2020-01-18 15:00:00	Toni Kroos	Pass
64	356711	63	SavedShot	0.8590000152587891	0.7719999694824219	0.03437339887022972	Vinícius Júnior	h	7008	OpenPlay	2019	RightFoot	12238	Real Madrid	Atletico Madrid	1	0	2020-02-01 15:00:00	Federico Valverde	Chipped
65	356716	80	SavedShot	0.8719999694824219	0.5979999923706054	0.09827470034360886	Vinícius Júnior	h	7008	OpenPlay	2019	RightFoot	12238	Real Madrid	Atletico Madrid	1	0	2020-02-01 15:00:00	Karim Benzema	Pass
66	358531	83	BlockedShot	0.8090000152587891	0.5320000076293945	0.07202179729938507	Vinícius Júnior	a	7008	OpenPlay	2019	RightFoot	12246	Osasuna	Real Madrid	1	4	2020-02-09 15:00:00		BallRecovery
67	358534	90	MissedShots	0.8959999847412109	0.67	0.0810772031545639	Vinícius Júnior	a	7008	OpenPlay	2019	RightFoot	12246	Osasuna	Real Madrid	1	4	2020-02-09 15:00:00	Luka Modric	Pass
68	361468	36	SavedShot	0.8469999694824218	0.6969999694824218	0.054329998791217804	Vinícius Júnior	h	7008	OpenPlay	2019	RightFoot	12279	Real Madrid	Barcelona	2	0	2020-03-01 20:00:00	Isco	Pass
69	361478	70	Goal	0.9569999694824218	0.6769999694824219	0.05314449965953827	Vinícius Júnior	h	7008	OpenPlay	2019	RightFoot	12279	Real Madrid	Barcelona	2	0	2020-03-01 20:00:00	Toni Kroos	Pass
70	362390	15	MissedShots	0.8819999694824219	0.675	0.061591099947690964	Vinícius Júnior	a	7008	OpenPlay	2019	RightFoot	12286	Real Betis	Real Madrid	2	1	2020-03-08 20:00:00	Karim Benzema	BallTouch
71	362410	84	BlockedShot	0.919000015258789	0.37099998474121093	0.025945499539375305	Vinícius Júnior	a	7008	OpenPlay	2019	OtherBodyPart	12286	Real Betis	Real Madrid	2	1	2020-03-08 20:00:00	Lucas Vázquez	Cross
72	362414	93	MissedShots	0.7809999847412109	0.62	0.029831400141119957	Vinícius Júnior	a	7008	OpenPlay	2019	RightFoot	12286	Real Betis	Real Madrid	2	1	2020-03-08 20:00:00	Karim Benzema	Pass
73	365908	1	MissedShots	0.8959999847412109	0.4490000152587891	0.12425000220537186	Vinícius Júnior	a	7008	OpenPlay	2019	RightFoot	12320	Real Sociedad	Real Madrid	1	2	2020-06-21 20:00:00	Federico Valverde	Pass
74	365915	42	SavedShot	0.87	0.6140000152587891	0.10155399888753891	Vinícius Júnior	a	7008	OpenPlay	2019	RightFoot	12320	Real Sociedad	Real Madrid	1	2	2020-06-21 20:00:00		TakeOn
75	366525	15	BlockedShot	0.88	0.605999984741211	0.08960279822349548	Vinícius Júnior	h	7008	OpenPlay	2019	RightFoot	12329	Real Madrid	Mallorca	2	0	2020-06-24 20:00:00	Eden Hazard	Pass
76	366527	18	Goal	0.9580000305175781	0.625999984741211	0.3681730031967163	Vinícius Júnior	h	7008	OpenPlay	2019	RightFoot	12329	Real Madrid	Mallorca	2	0	2020-06-24 20:00:00	Luka Modric	Throughball
77	366529	23	ShotOnPost	0.8590000152587891	0.605999984741211	0.3440989851951599	Vinícius Júnior	h	7008	OpenPlay	2019	RightFoot	12329	Real Madrid	Mallorca	2	0	2020-06-24 20:00:00	Karim Benzema	Throughball
78	368464	22	SavedShot	0.9119999694824219	0.49900001525878906	0.3794200122356415	Vinícius Júnior	h	7008	OpenPlay	2019	RightFoot	12349	Real Madrid	Getafe	1	0	2020-07-02 20:00:00	Ferland Mendy	Cross
79	371991	79	BlockedShot	0.855	0.6630000305175782	0.07302500307559967	Vinícius Júnior	h	7008	OpenPlay	2019	RightFoot	12390	Real Madrid	Villarreal	2	1	2020-07-16 19:00:00	Karim Benzema	Pass
80	378349	38	MissedShots	0.845	0.5540000152587891	0.05492430180311203	Vinícius Júnior	a	7008	OpenPlay	2020	RightFoot	14152	Real Sociedad	Real Madrid	0	0	2020-09-20 19:00:00	Ferland Mendy	Chipped
81	378362	81	BlockedShot	0.7919999694824219	0.67	0.026425199583172798	Vinícius Júnior	a	7008	OpenPlay	2020	RightFoot	14152	Real Sociedad	Real Madrid	0	0	2020-09-20 19:00:00	Toni Kroos	Pass
82	380185	64	Goal	0.9290000152587891	0.54	0.5403940081596375	Vinícius Júnior	h	7008	OpenPlay	2020	RightFoot	14169	Real Madrid	Real Valladolid	1	0	2020-09-30 19:30:00		None
83	380190	76	BlockedShot	0.889000015258789	0.5429999923706055	0.1513260006904602	Vinícius Júnior	h	7008	OpenPlay	2020	RightFoot	14169	Real Madrid	Real Valladolid	1	0	2020-09-30 19:30:00	Karim Benzema	Pass
84	380195	92	SavedShot	0.8440000152587891	0.5870000076293945	0.13850300014019012	Vinícius Júnior	h	7008	OpenPlay	2020	LeftFoot	14169	Real Madrid	Real Valladolid	1	0	2020-09-30 19:30:00	Federico Valverde	TakeOn
85	381304	15	Goal	0.8909999847412109	0.6480000305175782	0.054593801498413086	Vinícius Júnior	a	7008	FromCorner	2020	RightFoot	14819	Levante	Real Madrid	0	2	2020-10-04 14:00:00		None
86	381313	51	MissedShots	0.9630000305175781	0.3890000152587891	0.42011401057243347	Vinícius Júnior	a	7008	OpenPlay	2020	RightFoot	14819	Levante	Real Madrid	0	2	2020-10-04 14:00:00	Marco Asensio	Throughball
87	381314	54	MissedShots	0.955	0.5209999847412109	0.663079023361206	Vinícius Júnior	a	7008	OpenPlay	2020	RightFoot	14819	Levante	Real Madrid	0	2	2020-10-04 14:00:00	Karim Benzema	Pass
88	382082	40	BlockedShot	0.895	0.5029999923706054	0.0795757994055748	Vinícius Júnior	h	7008	OpenPlay	2020	RightFoot	14833	Real Madrid	Cadiz	0	1	2020-10-17 16:30:00	Lucas Vázquez	HeadPass
89	382083	48	BlockedShot	0.860999984741211	0.6659999847412109	0.04679720103740692	Vinícius Júnior	h	7008	OpenPlay	2020	RightFoot	14833	Real Madrid	Cadiz	0	1	2020-10-17 16:30:00		None
90	382085	54	MissedShots	0.8640000152587891	0.639000015258789	0.0535162016749382	Vinícius Júnior	h	7008	OpenPlay	2020	RightFoot	14833	Real Madrid	Cadiz	0	1	2020-10-17 16:30:00	Toni Kroos	Pass
91	382089	66	MissedShots	0.935	0.49900001525878906	0.4785119891166687	Vinícius Júnior	h	7008	OpenPlay	2020	Head	14833	Real Madrid	Cadiz	0	1	2020-10-17 16:30:00	Toni Kroos	Cross
92	383325	86	SavedShot	0.7609999847412109	0.4909999847412109	0.0335782989859581	Vinícius Júnior	a	7008	OpenPlay	2020	RightFoot	14836	Barcelona	Real Madrid	1	3	2020-10-24 14:00:00	Luka Modric	Pass
93	387011	56	MissedShots	0.9290000152587891	0.6840000152587891	0.03980100154876709	Vinícius Júnior	a	7008	OpenPlay	2020	RightFoot	14862	Valencia	Real Madrid	4	1	2020-11-08 20:00:00		Rebound
94	389042	85	SavedShot	0.9540000152587891	0.5590000152587891	0.11952900141477585	Vinícius Júnior	h	7008	OpenPlay	2020	RightFoot	14880	Real Madrid	Alaves	1	2	2020-11-28 20:00:00	Raphael Varane	Rebound
95	390175	0	MissedShots	0.9619999694824218	0.34599998474121096	0.08045949786901474	Vinícius Júnior	a	7008	OpenPlay	2020	RightFoot	14889	Sevilla	Real Madrid	0	1	2020-12-05 15:15:00	Rodrygo	Pass
96	390185	54	MissedShots	0.9169999694824219	0.5479999923706055	0.4691050052642822	Vinícius Júnior	a	7008	OpenPlay	2020	RightFoot	14889	Sevilla	Real Madrid	0	1	2020-12-05 15:15:00		Foul
97	392749	34	MissedShots	0.7880000305175782	0.6780000305175782	0.025523599237203598	Vinícius Júnior	h	7008	OpenPlay	2020	RightFoot	14906	Real Madrid	Athletic Club	3	1	2020-12-15 21:00:00	Sergio Ramos	Pass
98	392751	40	SavedShot	0.950999984741211	0.505	0.5301290154457092	Vinícius Júnior	h	7008	OpenPlay	2020	RightFoot	14906	Real Madrid	Athletic Club	3	1	2020-12-15 21:00:00	Federico Valverde	Card
99	392752	43	MissedShots	0.8969999694824219	0.4879999923706055	0.09146829694509506	Vinícius Júnior	h	7008	OpenPlay	2020	Head	14906	Real Madrid	Athletic Club	3	1	2020-12-15 21:00:00	Ferland Mendy	Cross
100	405755	46	BlockedShot	0.8230000305175781	0.7230000305175781	0.025287000462412834	Vinícius Júnior	a	7008	OpenPlay	2020	RightFoot	15016	Real Valladolid	Real Madrid	0	1	2021-02-20 20:00:00	Luka Modric	Pass
101	407691	88	Goal	0.9230000305175782	0.5079999923706054	0.4302560091018677	Vinícius Júnior	h	7008	OpenPlay	2020	RightFoot	15025	Real Madrid	Real Sociedad	1	1	2021-03-01 20:00:00	Lucas Vázquez	Cross
102	409055	67	MissedShots	0.7819999694824219	0.6869999694824219	0.02281240001320839	Vinícius Júnior	a	7008	OpenPlay	2020	RightFoot	15029	Atletico Madrid	Real Madrid	1	1	2021-03-07 15:15:00	Luka Modric	Pass
103	411405	25	MissedShots	0.9690000152587891	0.54	0.6414700150489807	Vinícius Júnior	a	7008	OpenPlay	2020	OtherBodyPart	15051	Celta Vigo	Real Madrid	1	3	2021-03-20 15:15:00	Karim Benzema	Cross
104	411406	28	BlockedShot	0.89	0.7380000305175781	0.05068270117044449	Vinícius Júnior	a	7008	OpenPlay	2020	RightFoot	15051	Celta Vigo	Real Madrid	1	3	2021-03-20 15:15:00	Luka Modric	Chipped
105	411412	59	BlockedShot	0.855	0.5729999923706055	0.10170499980449677	Vinícius Júnior	a	7008	OpenPlay	2020	RightFoot	15051	Celta Vigo	Real Madrid	1	3	2021-03-20 15:15:00	Federico Valverde	Pass
106	411422	90	BlockedShot	0.9380000305175781	0.6969999694824218	0.03411620110273361	Vinícius Júnior	a	7008	OpenPlay	2020	RightFoot	15051	Celta Vigo	Real Madrid	1	3	2021-03-20 15:15:00	Federico Valverde	Cross
107	412644	81	MissedShots	0.8830000305175781	0.39799999237060546	0.13222700357437134	Vinícius Júnior	h	7008	OpenPlay	2020	RightFoot	15064	Real Madrid	Eibar	2	0	2021-04-03 14:15:00	Rodrygo	Pass
108	416100	38	SavedShot	0.924000015258789	0.49700000762939456	0.14152200520038605	Vinícius Júnior	a	7008	OpenPlay	2020	Head	15103	Getafe	Real Madrid	0	0	2021-04-18 19:00:00	Álvaro Odriozola	Cross
109	417496	75	SavedShot	0.87	0.5329999923706055	0.12831999361515045	Vinícius Júnior	h	7008	OpenPlay	2020	RightFoot	15092	Real Madrid	Real Betis	0	0	2021-04-24 19:00:00	Marco Asensio	Pass
110	417497	78	MissedShots	0.7830000305175782	0.6659999847412109	0.02186499908566475	Vinícius Júnior	h	7008	OpenPlay	2020	RightFoot	15092	Real Madrid	Real Betis	0	0	2021-04-24 19:00:00	Eden Hazard	Pass
111	418818	32	MissedShots	0.9259999847412109	0.6840000152587891	0.05556429922580719	Vinícius Júnior	h	7008	OpenPlay	2020	LeftFoot	15117	Real Madrid	Osasuna	2	0	2021-05-01 19:00:00	Marco Asensio	Pass
112	420895	25	SavedShot	0.8419999694824218	0.73	0.024554599076509476	Vinícius Júnior	h	7008	OpenPlay	2020	RightFoot	15124	Real Madrid	Sevilla	2	2	2021-05-09 19:00:00	Marcelo	Pass
113	420896	28	MissedShots	0.885	0.72	0.06159070134162903	Vinícius Júnior	h	7008	OpenPlay	2020	RightFoot	15124	Real Madrid	Sevilla	2	2	2021-05-09 19:00:00	Karim Benzema	TakeOn
114	420908	64	ShotOnPost	0.9540000152587891	0.56	0.522849977016449	Vinícius Júnior	h	7008	FromCorner	2020	RightFoot	15124	Real Madrid	Sevilla	2	2	2021-05-09 19:00:00	Toni Kroos	Pass
115	421677	8	BlockedShot	0.8369999694824218	0.5329999923706055	0.06418120115995407	Vinícius Júnior	a	7008	OpenPlay	2020	RightFoot	15131	Granada	Real Madrid	1	4	2021-05-13 20:00:00	Federico Valverde	BallRecovery
116	421687	44	SavedShot	0.8440000152587891	0.54	0.13270699977874756	Vinícius Júnior	a	7008	OpenPlay	2020	RightFoot	15131	Granada	Real Madrid	1	4	2021-05-13 20:00:00	Karim Benzema	BallRecovery
117	421690	57	SavedShot	0.9580000305175781	0.675	0.08068829774856567	Vinícius Júnior	a	7008	OpenPlay	2020	LeftFoot	15131	Granada	Real Madrid	1	4	2021-05-13 20:00:00	Luka Modric	Pass
118	422554	51	BlockedShot	0.850999984741211	0.7569999694824219	0.026121800765395164	Vinícius Júnior	a	7008	OpenPlay	2020	RightFoot	15139	Athletic Club	Real Madrid	0	1	2021-05-16 16:30:00	Luka Modric	Pass
119	423795	53	SavedShot	0.9259999847412109	0.75	0.026588199660182	Vinícius Júnior	h	7008	OpenPlay	2020	LeftFoot	15154	Real Madrid	Villarreal	2	1	2021-05-22 16:00:00	Luka Modric	Pass
120	426194	90	SavedShot	0.9630000305175781	0.6840000152587891	0.19486600160598755	Vinícius Júnior	a	7008	OpenPlay	2021	LeftFoot	17140	Alaves	Real Madrid	1	4	2021-08-14 20:00:00	Casemiro	Pass
121	426195	91	Goal	0.9590000152587891	0.504000015258789	0.5278840065002441	Vinícius Júnior	a	7008	FromCorner	2021	Head	17140	Alaves	Real Madrid	1	4	2021-08-14 20:00:00	David Alaba	Cross
122	427962	72	Goal	0.9330000305175781	0.6329999923706054	0.5257599949836731	Vinícius Júnior	a	7008	OpenPlay	2021	LeftFoot	17153	Levante	Real Madrid	3	3	2021-08-22 20:00:00	Casemiro	Throughball
123	427967	84	Goal	0.9540000152587891	0.7080000305175781	0.04375319927930832	Vinícius Júnior	a	7008	FromCorner	2021	RightFoot	17153	Levante	Real Madrid	3	3	2021-08-22 20:00:00	Karim Benzema	Pass
124	429028	53	MissedShots	0.8880000305175781	0.46299999237060546	0.2981660068035126	Vinícius Júnior	a	7008	OpenPlay	2021	RightFoot	17161	Real Betis	Real Madrid	0	1	2021-08-28 20:00:00	Miguel Gutiérrez	Cross
125	429029	57	BlockedShot	0.885	0.6669999694824219	0.060315798968076706	Vinícius Júnior	a	7008	OpenPlay	2021	RightFoot	17161	Real Betis	Real Madrid	0	1	2021-08-28 20:00:00	Karim Benzema	TakeOn
126	430784	5	SavedShot	0.9309999847412109	0.5659999847412109	0.12045399844646454	Vinícius Júnior	h	7008	SetPiece	2021	Head	17173	Real Madrid	Celta Vigo	5	2	2021-09-12 19:00:00	Luka Modric	Cross
127	430785	9	BlockedShot	0.8390000152587891	0.6140000152587891	0.06512679904699326	Vinícius Júnior	h	7008	OpenPlay	2021	RightFoot	17173	Real Madrid	Celta Vigo	5	2	2021-09-12 19:00:00	Luka Modric	TakeOn
128	430798	54	Goal	0.9119999694824219	0.6179999923706054	0.32186898589134216	Vinícius Júnior	h	7008	OpenPlay	2021	RightFoot	17173	Real Madrid	Celta Vigo	5	2	2021-09-12 19:00:00	Karim Benzema	Pass
129	430800	65	SavedShot	0.8340000152587891	0.4909999847412109	0.0782885029911995	Vinícius Júnior	h	7008	OpenPlay	2021	RightFoot	17173	Real Madrid	Celta Vigo	5	2	2021-09-12 19:00:00		None
130	432182	45	MissedShots	0.9169999694824219	0.6769999694824219	0.05985889956355095	Vinícius Júnior	a	7008	OpenPlay	2021	RightFoot	17183	Valencia	Real Madrid	1	2	2021-09-19 19:00:00	Casemiro	TakeOn
131	432190	64	SavedShot	0.830999984741211	0.705	0.03025680035352707	Vinícius Júnior	a	7008	OpenPlay	2021	RightFoot	17183	Valencia	Real Madrid	1	2	2021-09-19 19:00:00	Nacho	Pass
132	432197	85	Goal	0.87	0.695	0.044530998915433884	Vinícius Júnior	a	7008	OpenPlay	2021	RightFoot	17183	Valencia	Real Madrid	1	2	2021-09-19 19:00:00	Karim Benzema	Pass
133	432883	33	MissedShots	0.7669999694824219	0.5690000152587891	0.041339099407196045	Vinícius Júnior	h	7008	OpenPlay	2021	RightFoot	17190	Real Madrid	Mallorca	6	1	2021-09-22 20:00:00	Federico Valverde	Pass
134	432886	44	SavedShot	0.8780000305175781	0.435	0.13276399672031403	Vinícius Júnior	h	7008	OpenPlay	2021	RightFoot	17190	Real Madrid	Mallorca	6	1	2021-09-22 20:00:00	Marco Asensio	Pass
135	432889	47	SavedShot	0.899000015258789	0.575	0.17382800579071045	Vinícius Júnior	h	7008	OpenPlay	2021	RightFoot	17190	Real Madrid	Mallorca	6	1	2021-09-22 20:00:00	Karim Benzema	TakeOn
136	432903	86	BlockedShot	0.9069999694824219	0.6480000305175782	0.1292629987001419	Vinícius Júnior	h	7008	OpenPlay	2021	RightFoot	17190	Real Madrid	Mallorca	6	1	2021-09-22 20:00:00	Isco	Throughball
137	433822	73	MissedShots	0.7709999847412109	0.5329999923706055	0.05204420164227486	Vinícius Júnior	h	7008	OpenPlay	2021	RightFoot	17202	Real Madrid	Villarreal	0	0	2021-09-25 19:00:00		None
138	433825	81	BlockedShot	0.9630000305175781	0.669000015258789	0.06101290136575699	Vinícius Júnior	h	7008	OpenPlay	2021	RightFoot	17202	Real Madrid	Villarreal	0	0	2021-09-25 19:00:00		Rebound
139	433824	81	SavedShot	0.95	0.5259999847412109	0.5938169956207275	Vinícius Júnior	h	7008	OpenPlay	2021	OtherBodyPart	17202	Real Madrid	Villarreal	0	0	2021-09-25 19:00:00	Isco	BallTouch
140	433827	92	MissedShots	0.8540000152587891	0.685	0.04202539846301079	Vinícius Júnior	h	7008	OpenPlay	2021	RightFoot	17202	Real Madrid	Villarreal	0	0	2021-09-25 19:00:00	Eden Hazard	Pass
141	439160	30	BlockedShot	0.8730000305175781	0.7469999694824219	0.02946319989860058	Vinícius Júnior	h	7008	OpenPlay	2021	RightFoot	17237	Real Madrid	Osasuna	0	0	2021-10-27 19:30:00	Toni Kroos	Pass
142	439164	37	BlockedShot	0.7969999694824219	0.7269999694824218	0.02277030050754547	Vinícius Júnior	h	7008	OpenPlay	2021	RightFoot	17237	Real Madrid	Osasuna	0	0	2021-10-27 19:30:00	Casemiro	Pass
143	439410	21	Goal	0.875999984741211	0.6680000305175782	0.28395798802375793	Vinícius Júnior	a	7008	OpenPlay	2021	LeftFoot	17246	Elche	Real Madrid	1	2	2021-10-30 12:00:00	Mariano	Pass
144	439420	50	BlockedShot	0.9569999694824218	0.7419999694824219	0.048087701201438904	Vinícius Júnior	a	7008	OpenPlay	2021	RightFoot	17246	Elche	Real Madrid	1	2	2021-10-30 12:00:00	Marco Asensio	TakeOn
145	439426	72	Goal	0.9669999694824218	0.6129999923706054	0.3806230127811432	Vinícius Júnior	a	7008	OpenPlay	2021	RightFoot	17246	Elche	Real Madrid	1	2	2021-10-30 12:00:00	Luka Modric	Throughball
146	441319	36	BlockedShot	0.86	0.445	0.07485319674015045	Vinícius Júnior	h	7008	OpenPlay	2021	RightFoot	17263	Real Madrid	Rayo Vallecano	2	1	2021-11-06 20:00:00	Daniel Carvajal	Cross
147	441321	39	SavedShot	0.7959999847412109	0.735	0.03444579988718033	Vinícius Júnior	h	7008	OpenPlay	2021	RightFoot	17263	Real Madrid	Rayo Vallecano	2	1	2021-11-06 20:00:00	Marco Asensio	Pass
148	441327	50	BlockedShot	0.8980000305175782	0.42400001525878905	0.49007898569107056	Vinícius Júnior	h	7008	OpenPlay	2021	RightFoot	17263	Real Madrid	Rayo Vallecano	2	1	2021-11-06 20:00:00	Toni Kroos	TakeOn
149	443317	11	SavedShot	0.7390000152587891	0.7130000305175781	0.012047000229358673	Vinícius Júnior	a	7008	OpenPlay	2021	RightFoot	17270	Granada	Real Madrid	1	4	2021-11-21 15:15:00	Ferland Mendy	LayOff
150	443333	55	Goal	0.9590000152587891	0.5079999923706054	0.7640759944915771	Vinícius Júnior	a	7008	OpenPlay	2021	RightFoot	17270	Granada	Real Madrid	1	4	2021-11-21 15:15:00	Luka Modric	Pass
151	443336	70	SavedShot	0.8830000305175781	0.47	0.10829800367355347	Vinícius Júnior	a	7008	OpenPlay	2021	RightFoot	17270	Granada	Real Madrid	1	4	2021-11-21 15:15:00	Karim Benzema	HeadPass
152	444961	7	MissedShots	0.845	0.44299999237060544	0.06664150208234787	Vinícius Júnior	h	7008	OpenPlay	2021	RightFoot	17283	Real Madrid	Sevilla	2	1	2021-11-28 20:00:00		None
153	444968	26	SavedShot	0.86	0.41	0.07844839990139008	Vinícius Júnior	h	7008	OpenPlay	2021	RightFoot	17283	Real Madrid	Sevilla	2	1	2021-11-28 20:00:00	Casemiro	Pass
154	444978	69	MissedShots	0.87	0.33099998474121095	0.05910329893231392	Vinícius Júnior	h	7008	OpenPlay	2021	RightFoot	17283	Real Madrid	Sevilla	2	1	2021-11-28 20:00:00		BallRecovery
155	444982	86	Goal	0.774000015258789	0.6329999923706054	0.03361880034208298	Vinícius Júnior	h	7008	OpenPlay	2021	RightFoot	17283	Real Madrid	Sevilla	2	1	2021-11-28 20:00:00	Eder Militão	TakeOn
156	446473	2	SavedShot	0.7959999847412109	0.6409999847412109	0.0306233000010252	Vinícius Júnior	a	7008	OpenPlay	2021	RightFoot	17295	Real Sociedad	Real Madrid	0	2	2021-12-04 20:00:00	Karim Benzema	Pass
157	446476	19	SavedShot	0.8669999694824219	0.7030000305175781	0.03565189987421036	Vinícius Júnior	a	7008	OpenPlay	2021	RightFoot	17295	Real Sociedad	Real Madrid	0	2	2021-12-04 20:00:00	Ferland Mendy	Pass
158	446486	46	Goal	0.885	0.534000015258789	0.42474499344825745	Vinícius Júnior	a	7008	OpenPlay	2021	RightFoot	17295	Real Sociedad	Real Madrid	0	2	2021-12-04 20:00:00	Luka Jovic	Pass
159	446487	51	MissedShots	0.8869999694824219	0.6370000076293946	0.09860269725322723	Vinícius Júnior	a	7008	OpenPlay	2021	RightFoot	17295	Real Sociedad	Real Madrid	0	2	2021-12-04 20:00:00	Luka Jovic	Pass
160	446495	86	SavedShot	0.8640000152587891	0.47900001525878905	0.4986479878425598	Vinícius Júnior	a	7008	OpenPlay	2021	RightFoot	17295	Real Sociedad	Real Madrid	0	2	2021-12-04 20:00:00	Eder Militão	Throughball
161	448673	37	SavedShot	0.975	0.669000015258789	0.07266899943351746	Vinícius Júnior	h	7008	OpenPlay	2021	LeftFoot	17303	Real Madrid	Atletico Madrid	2	0	2021-12-12 20:00:00	Casemiro	Pass
162	448675	47	BlockedShot	0.8430000305175781	0.36400001525878906	0.07071830332279205	Vinícius Júnior	h	7008	OpenPlay	2021	RightFoot	17303	Real Madrid	Atletico Madrid	2	0	2021-12-12 20:00:00	Marco Asensio	Pass
163	449923	6	BlockedShot	0.9309999847412109	0.664000015258789	0.25823700428009033	Vinícius Júnior	h	7008	OpenPlay	2021	LeftFoot	17313	Real Madrid	Cadiz	0	0	2021-12-19 20:00:00	Karim Benzema	Pass
164	449938	58	SavedShot	0.8819999694824219	0.6869999694824219	0.040991298854351044	Vinícius Júnior	h	7008	OpenPlay	2021	RightFoot	17313	Real Madrid	Cadiz	0	0	2021-12-19 20:00:00	Toni Kroos	Pass
165	449939	60	BlockedShot	0.9569999694824218	0.655	0.0709891989827156	Vinícius Júnior	h	7008	OpenPlay	2021	LeftFoot	17313	Real Madrid	Cadiz	0	0	2021-12-19 20:00:00	Eden Hazard	Pass
166	449942	61	MissedShots	0.985	0.6170000076293946	0.08147930353879929	Vinícius Júnior	h	7008	OpenPlay	2021	LeftFoot	17313	Real Madrid	Cadiz	0	0	2021-12-19 20:00:00	Federico Valverde	TakeOn
167	452273	18	MissedShots	0.8819999694824219	0.509000015258789	0.0381522998213768	Vinícius Júnior	h	7008	OpenPlay	2021	Head	17331	Real Madrid	Valencia	4	1	2022-01-08 20:00:00		Aerial
168	452276	28	BlockedShot	0.8680000305175781	0.67	0.04291969910264015	Vinícius Júnior	h	7008	OpenPlay	2021	RightFoot	17331	Real Madrid	Valencia	4	1	2022-01-08 20:00:00	Ferland Mendy	Pass
169	452286	51	Goal	0.9159999847412109	0.49400001525878906	0.5213620066642761	Vinícius Júnior	h	7008	OpenPlay	2021	RightFoot	17331	Real Madrid	Valencia	4	1	2022-01-08 20:00:00		TakeOn
170	452289	60	Goal	0.9830000305175781	0.524000015258789	0.9180809855461121	Vinícius Júnior	h	7008	OpenPlay	2021	Head	17331	Real Madrid	Valencia	4	1	2022-01-08 20:00:00		Rebound
171	455235	10	SavedShot	0.965999984741211	0.5720000076293945	0.5801529884338379	Vinícius Júnior	h	7008	OpenPlay	2021	RightFoot	17351	Real Madrid	Elche	2	2	2022-01-23 15:15:00	Karim Benzema	Pass
172	455251	70	MissedShots	0.9219999694824219	0.6480000305175782	0.0609763003885746	Vinícius Júnior	h	7008	OpenPlay	2021	RightFoot	17351	Real Madrid	Elche	2	2	2022-01-23 15:15:00	Ferland Mendy	BallTouch
173	457096	9	MissedShots	0.7280000305175781	0.5370000076293945	0.022743700072169304	Vinícius Júnior	a	7008	OpenPlay	2021	RightFoot	17375	Villarreal	Real Madrid	0	0	2022-02-12 15:15:00	Toni Kroos	Pass
174	457097	11	BlockedShot	0.9159999847412109	0.580999984741211	0.0689053013920784	Vinícius Júnior	a	7008	SetPiece	2021	LeftFoot	17375	Villarreal	Real Madrid	0	0	2022-02-12 15:15:00	Marco Asensio	Cross
175	457103	27	MissedShots	0.8209999847412109	0.6569999694824219	0.03382200002670288	Vinícius Júnior	a	7008	OpenPlay	2021	RightFoot	17375	Villarreal	Real Madrid	0	0	2022-02-12 15:15:00	Toni Kroos	Pass
176	457114	57	SavedShot	0.9030000305175782	0.59	0.4056220054626465	Vinícius Júnior	a	7008	OpenPlay	2021	LeftFoot	17375	Villarreal	Real Madrid	0	0	2022-02-12 15:15:00	Federico Valverde	Pass
177	458568	54	SavedShot	0.8969999694824219	0.654000015258789	0.27017199993133545	Vinícius Júnior	h	7008	OpenPlay	2021	LeftFoot	17383	Real Madrid	Alaves	3	0	2022-02-19 20:00:00	Federico Valverde	TakeOn
178	458577	70	MissedShots	0.8059999847412109	0.6759999847412109	0.033324599266052246	Vinícius Júnior	h	7008	OpenPlay	2021	RightFoot	17383	Real Madrid	Alaves	3	0	2022-02-19 20:00:00	David Alaba	Pass
179	458580	79	Goal	0.924000015258789	0.49400001525878906	0.5576509833335876	Vinícius Júnior	h	7008	OpenPlay	2021	RightFoot	17383	Real Madrid	Alaves	3	0	2022-02-19 20:00:00	Karim Benzema	Pass
180	459977	8	MissedShots	0.7909999847412109	0.6659999847412109	0.026501400396227837	Vinícius Júnior	a	7008	OpenPlay	2021	RightFoot	17394	Rayo Vallecano	Real Madrid	0	1	2022-02-26 17:30:00	Casemiro	Pass
181	459997	50	BlockedShot	0.9230000305175782	0.3820000076293945	0.07485140115022659	Vinícius Júnior	a	7008	FromCorner	2021	RightFoot	17394	Rayo Vallecano	Real Madrid	0	1	2022-02-26 17:30:00		None
182	461362	61	BlockedShot	0.82	0.7319999694824219	0.03623709827661514	Vinícius Júnior	h	7008	OpenPlay	2021	RightFoot	17403	Real Madrid	Real Sociedad	4	1	2022-03-05 20:00:00		None
183	463531	42	BlockedShot	0.8980000305175782	0.44299999237060544	0.11307000368833542	Vinícius Júnior	a	7008	OpenPlay	2021	RightFoot	17409	Mallorca	Real Madrid	0	3	2022-03-14 20:00:00	Karim Benzema	Pass
184	463533	54	Goal	0.904000015258789	0.5729999923706055	0.41962099075317383	Vinícius Júnior	a	7008	OpenPlay	2021	LeftFoot	17409	Mallorca	Real Madrid	0	3	2022-03-14 20:00:00	Karim Benzema	Pass
185	464840	13	SavedShot	0.84	0.67	0.033796101808547974	Vinícius Júnior	h	7008	OpenPlay	2021	RightFoot	17422	Real Madrid	Barcelona	0	4	2022-03-20 20:00:00	Nacho	Pass
186	464857	64	BlockedShot	0.78	0.595999984741211	0.02360069938004017	Vinícius Júnior	h	7008	OpenPlay	2021	RightFoot	17422	Real Madrid	Barcelona	0	4	2022-03-20 20:00:00	Eduardo Camavinga	Pass
187	465433	16	SavedShot	0.9080000305175782	0.3729999923706055	0.08850710093975067	Vinícius Júnior	a	7008	OpenPlay	2021	RightFoot	17430	Celta Vigo	Real Madrid	1	2	2022-04-02 16:30:00	Casemiro	Pass
188	466970	19	SavedShot	0.8809999847412109	0.6959999847412109	0.054718200117349625	Vinícius Júnior	h	7008	OpenPlay	2021	RightFoot	17441	Real Madrid	Getafe	2	0	2022-04-09 19:00:00	Marcelo	GoodSkill
189	466978	45	SavedShot	0.8530000305175781	0.7290000152587891	0.038941700011491776	Vinícius Júnior	h	7008	OpenPlay	2021	RightFoot	17441	Real Madrid	Getafe	2	0	2022-04-09 19:00:00	David Alaba	Pass
190	468986	99	MissedShots	0.28899999618530275	0.7769999694824219	0.006429930217564106	Vinícius Júnior	a	7008	OpenPlay	2021	RightFoot	17453	Sevilla	Real Madrid	2	3	2022-04-17 19:00:00	Mariano	BallRecovery
191	469589	93	MissedShots	0.9469999694824218	0.6430000305175781	0.3402230143547058	Vinícius Júnior	a	7008	OpenPlay	2021	RightFoot	17463	Osasuna	Real Madrid	1	3	2022-04-20 19:30:00	Isco	Throughball
192	474666	77	MissedShots	0.7619999694824219	0.6609999847412109	0.02127310074865818	Vinícius Júnior	a	7008	OpenPlay	2021	RightFoot	17477	Atletico Madrid	Real Madrid	1	0	2022-05-08 19:00:00	Rodrygo	Pass
193	474668	84	SavedShot	0.81	0.7090000152587891	0.036841198801994324	Vinícius Júnior	a	7008	FromCorner	2021	RightFoot	17477	Atletico Madrid	Real Madrid	1	0	2022-05-08 19:00:00	Marco Asensio	Pass
194	475402	21	SavedShot	0.8469999694824218	0.5220000076293946	0.09558519721031189	Vinícius Júnior	h	7008	OpenPlay	2021	RightFoot	17490	Real Madrid	Levante	6	0	2022-05-12 19:30:00	Rodrygo	Pass
195	475407	28	BlockedShot	0.879000015258789	0.61	0.12025099992752075	Vinícius Júnior	h	7008	OpenPlay	2021	RightFoot	17490	Real Madrid	Levante	6	0	2022-05-12 19:30:00	Federico Valverde	Pass
196	475413	44	Goal	0.955	0.66	0.24030999839305878	Vinícius Júnior	h	7008	OpenPlay	2021	RightFoot	17490	Real Madrid	Levante	6	0	2022-05-12 19:30:00	Luka Modric	Pass
197	475424	67	Goal	0.970999984741211	0.5079999923706054	0.9396960139274597	Vinícius Júnior	h	7008	OpenPlay	2021	LeftFoot	17490	Real Madrid	Levante	6	0	2022-05-12 19:30:00	Karim Benzema	Pass
198	475433	82	Goal	0.9409999847412109	0.6469999694824219	0.44097900390625	Vinícius Júnior	h	7008	OpenPlay	2021	LeftFoot	17490	Real Madrid	Levante	6	0	2022-05-12 19:30:00	Luka Jovic	Throughball
199	477049	65	MissedShots	0.9719999694824218	0.5970000076293945	0.12359800189733505	Vinícius Júnior	h	7008	FromCorner	2021	Head	17510	Real Madrid	Real Betis	0	0	2022-05-20 19:00:00	Daniel Carvajal	Chipped
200	481281	20	BlockedShot	0.8119999694824219	0.6790000152587891	0.03070719912648201	Vinícius Júnior	a	7008	OpenPlay	2022	RightFoot	18968	Almeria	Real Madrid	1	2	2022-08-14 20:00:00	Ferland Mendy	Pass
201	481282	26	BlockedShot	0.8419999694824218	0.43900001525878907	0.07330089807510376	Vinícius Júnior	a	7008	OpenPlay	2022	RightFoot	18968	Almeria	Real Madrid	1	2	2022-08-14 20:00:00	Federico Valverde	Pass
202	481285	36	SavedShot	0.9280000305175782	0.6569999694824219	0.08957140147686005	Vinícius Júnior	a	7008	OpenPlay	2022	RightFoot	18968	Almeria	Real Madrid	1	2	2022-08-14 20:00:00	Federico Valverde	Pass
203	481297	60	SavedShot	0.9319999694824219	0.605	0.4166429936885834	Vinícius Júnior	a	7008	OpenPlay	2022	RightFoot	18968	Almeria	Real Madrid	1	2	2022-08-14 20:00:00		None
204	482203	10	BlockedShot	0.8540000152587891	0.7090000152587891	0.057177700102329254	Vinícius Júnior	a	7008	OpenPlay	2022	RightFoot	18976	Celta Vigo	Real Madrid	1	4	2022-08-20 20:00:00	Karim Benzema	Pass
205	482215	46	BlockedShot	0.9690000152587891	0.639000015258789	0.09699150174856186	Vinícius Júnior	a	7008	OpenPlay	2022	RightFoot	18976	Celta Vigo	Real Madrid	1	4	2022-08-20 20:00:00	Aurelien Tchouameni	Pass
206	482217	55	Goal	0.914000015258789	0.664000015258789	0.5262429714202881	Vinícius Júnior	a	7008	OpenPlay	2022	LeftFoot	18976	Celta Vigo	Real Madrid	1	4	2022-08-20 20:00:00	Luka Modric	TakeOn
207	484719	11	Goal	0.8930000305175781	0.4470000076293945	0.4011150002479553	Vinícius Júnior	a	7008	OpenPlay	2022	RightFoot	18989	Espanyol	Real Madrid	1	3	2022-08-28 20:00:00	Aurelien Tchouameni	Throughball
208	484721	18	SavedShot	0.924000015258789	0.6580000305175782	0.09049980342388153	Vinícius Júnior	a	7008	OpenPlay	2022	RightFoot	18989	Espanyol	Real Madrid	1	3	2022-08-28 20:00:00	Federico Valverde	Pass
209	484727	31	MissedShots	0.895	0.6359999847412109	0.057890698313713074	Vinícius Júnior	a	7008	OpenPlay	2022	RightFoot	18989	Espanyol	Real Madrid	1	3	2022-08-28 20:00:00	Lucas Vázquez	Cross
210	484748	90	BlockedShot	0.8969999694824219	0.6370000076293946	0.0968225970864296	Vinícius Júnior	a	7008	OpenPlay	2022	RightFoot	18989	Espanyol	Real Madrid	1	3	2022-08-28 20:00:00	Eduardo Camavinga	Pass
211	484752	101	SavedShot	0.805	0.710999984741211	0.02683120034635067	Vinícius Júnior	a	7008	OpenPlay	2022	RightFoot	18989	Espanyol	Real Madrid	1	3	2022-08-28 20:00:00	David Alaba	Pass
212	486018	8	Goal	0.815	0.5	0.3006869852542877	Vinícius Júnior	h	7008	OpenPlay	2022	RightFoot	18996	Real Madrid	Real Betis	2	1	2022-09-03 14:15:00	David Alaba	Throughball
213	486020	17	MissedShots	0.925	0.54	0.5433589816093445	Vinícius Júnior	h	7008	OpenPlay	2022	RightFoot	18996	Real Madrid	Real Betis	2	1	2022-09-03 14:15:00	Rodrygo	Pass
214	486027	41	MissedShots	0.8080000305175781	0.73	0.023459499701857567	Vinícius Júnior	h	7008	OpenPlay	2022	RightFoot	18996	Real Madrid	Real Betis	2	1	2022-09-03 14:15:00	Karim Benzema	Pass
215	486028	41	BlockedShot	0.8969999694824219	0.6859999847412109	0.04837010055780411	Vinícius Júnior	h	7008	OpenPlay	2022	RightFoot	18996	Real Madrid	Real Betis	2	1	2022-09-03 14:15:00	Karim Benzema	Pass
216	487838	43	MissedShots	0.7619999694824219	0.5940000152587891	0.02487099915742874	Vinícius Júnior	h	7008	OpenPlay	2022	RightFoot	19011	Real Madrid	Mallorca	4	1	2022-09-11 12:00:00	Dani Ceballos	Pass
217	487846	71	Goal	0.92	0.5570000076293945	0.4993709921836853	Vinícius Júnior	h	7008	OpenPlay	2022	LeftFoot	19011	Real Madrid	Mallorca	4	1	2022-09-11 12:00:00	Rodrygo	Throughball
218	489683	35	SavedShot	0.9330000305175781	0.66	0.2726829946041107	Vinícius Júnior	a	7008	OpenPlay	2022	RightFoot	19021	Atletico Madrid	Real Madrid	1	2	2022-09-18 19:00:00	Luka Modric	Pass
219	491101	28	SavedShot	0.870999984741211	0.6409999847412109	0.05805379897356033	Vinícius Júnior	h	7008	OpenPlay	2022	RightFoot	19030	Real Madrid	Osasuna	1	1	2022-10-02 19:00:00	Dani Ceballos	Pass
220	491107	41	Goal	0.775	0.840999984741211	0.021658699959516525	Vinícius Júnior	h	7008	FromCorner	2022	RightFoot	19030	Real Madrid	Osasuna	1	1	2022-10-02 19:00:00	David Alaba	Pass
221	491119	86	SavedShot	0.750999984741211	0.555	0.02521979995071888	Vinícius Júnior	h	7008	OpenPlay	2022	RightFoot	19030	Real Madrid	Osasuna	1	1	2022-10-02 19:00:00	Eduardo Camavinga	Pass
222	491860	84	MissedShots	0.8159999847412109	0.6359999847412109	0.05459219962358475	Vinícius Júnior	a	7008	OpenPlay	2022	RightFoot	19035	Getafe	Real Madrid	0	1	2022-10-08 19:00:00	Marco Asensio	Pass
223	493751	6	BlockedShot	0.8780000305175781	0.6659999847412109	0.06550099700689316	Vinícius Júnior	h	7008	OpenPlay	2022	LeftFoot	19046	Real Madrid	Barcelona	3	1	2022-10-16 14:15:00	Ferland Mendy	Pass
224	493752	11	SavedShot	0.9309999847412109	0.6220000076293946	0.34915998578071594	Vinícius Júnior	h	7008	OpenPlay	2022	RightFoot	19046	Real Madrid	Barcelona	3	1	2022-10-16 14:15:00	Toni Kroos	Throughball
225	493763	66	BlockedShot	0.894000015258789	0.6719999694824219	0.0750482976436615	Vinícius Júnior	h	7008	OpenPlay	2022	RightFoot	19046	Real Madrid	Barcelona	3	1	2022-10-16 14:15:00	Luka Modric	Pass
226	494479	10	BlockedShot	0.8569999694824219	0.6359999847412109	0.0854400023818016	Vinícius Júnior	a	7008	OpenPlay	2022	RightFoot	19054	Elche	Real Madrid	0	3	2022-10-19 19:00:00		TakeOn
227	494484	38	MissedShots	0.8630000305175781	0.6279999923706054	0.07218880206346512	Vinícius Júnior	a	7008	OpenPlay	2022	RightFoot	19054	Elche	Real Madrid	0	3	2022-10-19 19:00:00	Antonio Rüdiger	Pass
228	495253	24	BlockedShot	0.7319999694824219	0.5629999923706055	0.026524599641561508	Vinícius Júnior	h	7008	OpenPlay	2022	RightFoot	19063	Real Madrid	Sevilla	3	1	2022-10-22 19:00:00	Toni Kroos	Pass
229	495264	58	SavedShot	0.794000015258789	0.720999984741211	0.025447500869631767	Vinícius Júnior	h	7008	FromCorner	2022	RightFoot	19063	Real Madrid	Sevilla	3	1	2022-10-22 19:00:00	Toni Kroos	Cross
230	495271	71	MissedShots	0.975999984741211	0.6270000076293946	0.566290020942688	Vinícius Júnior	h	7008	OpenPlay	2022	LeftFoot	19063	Real Madrid	Sevilla	3	1	2022-10-22 19:00:00	Rodrygo	TakeOn
231	497299	69	Goal	0.9819999694824219	0.5179999923706055	0.9536929726600647	Vinícius Júnior	h	7008	OpenPlay	2022	RightFoot	19081	Real Madrid	Girona	1	1	2022-10-30 15:15:00	Federico Valverde	Pass
232	497303	81	BlockedShot	0.7609999847412109	0.6270000076293946	0.02327759936451912	Vinícius Júnior	h	7008	OpenPlay	2022	RightFoot	19081	Real Madrid	Girona	1	1	2022-10-30 15:15:00	Luka Modric	Pass
233	498975	48	MissedShots	0.840999984741211	0.5370000076293945	0.05716099962592125	Vinícius Júnior	a	7008	OpenPlay	2022	RightFoot	19086	Rayo Vallecano	Real Madrid	3	2	2022-11-07 20:00:00	Eder Militão	Chipped
234	498987	92	MissedShots	0.7809999847412109	0.72	0.018554899841547012	Vinícius Júnior	a	7008	OpenPlay	2022	RightFoot	19086	Rayo Vallecano	Real Madrid	3	2	2022-11-07 20:00:00	David Alaba	Pass
235	499707	76	SavedShot	0.8030000305175782	0.6769999694824219	0.04635290056467056	Vinícius Júnior	h	7008	OpenPlay	2022	RightFoot	19100	Real Madrid	Cadiz	2	1	2022-11-10 20:30:00	Luka Modric	Pass
236	501598	16	SavedShot	0.9519999694824218	0.6930000305175781	0.044245898723602295	Vinícius Júnior	a	7008	FromCorner	2022	RightFoot	19109	Real Valladolid	Real Madrid	0	2	2022-12-30 20:30:00	Toni Kroos	Pass
237	501606	31	SavedShot	0.8419999694824218	0.6880000305175781	0.042792800813913345	Vinícius Júnior	a	7008	OpenPlay	2022	RightFoot	19109	Real Valladolid	Real Madrid	0	2	2022-12-30 20:30:00		Tackle
238	501618	67	MissedShots	0.960999984741211	0.6409999847412109	0.0869906023144722	Vinícius Júnior	a	7008	OpenPlay	2022	RightFoot	19109	Real Valladolid	Real Madrid	0	2	2022-12-30 20:30:00	Rodrygo	Pass
239	502699	39	SavedShot	0.924000015258789	0.3729999923706055	0.3393380045890808	Vinícius Júnior	a	7008	OpenPlay	2022	RightFoot	19121	Villarreal	Real Madrid	2	1	2023-01-07 15:15:00	Karim Benzema	Pass
240	502711	86	MissedShots	0.815	0.7569999694824219	0.021962100639939308	Vinícius Júnior	a	7008	OpenPlay	2022	RightFoot	19121	Villarreal	Real Madrid	2	1	2023-01-07 15:15:00	Eduardo Camavinga	Pass
241	505174	29	SavedShot	0.840999984741211	0.35200000762939454	0.062031298875808716	Vinícius Júnior	a	7008	OpenPlay	2022	LeftFoot	19132	Athletic Club	Real Madrid	0	2	2023-01-22 20:00:00	Marco Asensio	Pass
242	506411	13	MissedShots	0.945	0.675	0.2752920091152191	Vinícius Júnior	h	7008	OpenPlay	2022	RightFoot	19143	Real Madrid	Real Sociedad	0	0	2023-01-29 20:00:00	Eduardo Camavinga	TakeOn
243	506419	45	SavedShot	0.825999984741211	0.54	0.06693980097770691	Vinícius Júnior	h	7008	OpenPlay	2022	RightFoot	19143	Real Madrid	Real Sociedad	0	0	2023-01-29 20:00:00	Karim Benzema	Pass
244	506421	48	SavedShot	0.94	0.6459999847412109	0.11216200143098831	Vinícius Júnior	h	7008	OpenPlay	2022	LeftFoot	19143	Real Madrid	Real Sociedad	0	0	2023-01-29 20:00:00	Karim Benzema	Throughball
245	506430	70	SavedShot	0.9069999694824219	0.6359999847412109	0.24025699496269226	Vinícius Júnior	h	7008	OpenPlay	2022	RightFoot	19143	Real Madrid	Real Sociedad	0	0	2023-01-29 20:00:00	Karim Benzema	TakeOn
246	506783	27	SavedShot	0.9119999694824219	0.6969999694824218	0.050990499556064606	Vinícius Júnior	h	7008	OpenPlay	2022	RightFoot	19124	Real Madrid	Valencia	2	0	2023-02-02 20:00:00	Karim Benzema	Pass
247	506787	54	Goal	0.885	0.6469999694824219	0.2641400098800659	Vinícius Júnior	h	7008	OpenPlay	2022	RightFoot	19124	Real Madrid	Valencia	2	0	2023-02-02 20:00:00	Karim Benzema	BallRecovery
248	506799	86	MissedShots	0.7959999847412109	0.7169999694824218	0.025227800011634827	Vinícius Júnior	h	7008	OpenPlay	2022	RightFoot	19124	Real Madrid	Valencia	2	0	2023-02-02 20:00:00	Dani Ceballos	Pass
249	509953	9	SavedShot	0.93	0.639000015258789	0.32100000977516174	Vinícius Júnior	a	7008	OpenPlay	2022	RightFoot	19177	Osasuna	Real Madrid	0	2	2023-02-18 20:00:00		None
250	509968	73	SavedShot	0.8909999847412109	0.38799999237060545	0.4713749885559082	Vinícius Júnior	a	7008	OpenPlay	2022	RightFoot	19177	Osasuna	Real Madrid	0	2	2023-02-18 20:00:00		None
251	510991	14	BlockedShot	0.855	0.6930000305175781	0.04261700063943863	Vinícius Júnior	h	7008	OpenPlay	2022	RightFoot	19189	Real Madrid	Atletico Madrid	1	1	2023-02-25 17:30:00	Nacho	TakeOn
252	511007	82	MissedShots	0.769000015258789	0.6129999923706054	0.023772599175572395	Vinícius Júnior	h	7008	OpenPlay	2022	RightFoot	19189	Real Madrid	Atletico Madrid	1	1	2023-02-25 17:30:00	Luka Modric	Pass
253	512995	34	MissedShots	0.8690000152587891	0.5309999847412109	0.10976199805736542	Vinícius Júnior	a	7008	OpenPlay	2022	RightFoot	19194	Real Betis	Real Madrid	0	0	2023-03-05 20:00:00	Eduardo Camavinga	Pass
254	513008	75	SavedShot	0.9569999694824218	0.655	0.06396529823541641	Vinícius Júnior	a	7008	OpenPlay	2022	RightFoot	19194	Real Betis	Real Madrid	0	0	2023-03-05 20:00:00	Toni Kroos	Chipped
255	513261	20	BlockedShot	0.8080000305175781	0.7319999694824219	0.03329150006175041	Vinícius Júnior	h	7008	FromCorner	2022	RightFoot	19209	Real Madrid	Espanyol	3	1	2023-03-11 13:00:00	Federico Valverde	Pass
256	513263	21	Goal	0.8569999694824219	0.6229999923706054	0.05374690145254135	Vinícius Júnior	h	7008	OpenPlay	2022	RightFoot	19209	Real Madrid	Espanyol	3	1	2023-03-11 13:00:00	Toni Kroos	Pass
257	513268	30	BlockedShot	0.9009999847412109	0.644000015258789	0.03392529860138893	Vinícius Júnior	h	7008	OpenPlay	2022	RightFoot	19209	Real Madrid	Espanyol	3	1	2023-03-11 13:00:00	Daniel Carvajal	Cross
258	513269	32	BlockedShot	0.8730000305175781	0.67	0.07981640100479126	Vinícius Júnior	h	7008	OpenPlay	2022	RightFoot	19209	Real Madrid	Espanyol	3	1	2023-03-11 13:00:00		TakeOn
259	513277	59	BlockedShot	0.840999984741211	0.7269999694824218	0.03565739840269089	Vinícius Júnior	h	7008	OpenPlay	2022	RightFoot	19209	Real Madrid	Espanyol	3	1	2023-03-11 13:00:00	Toni Kroos	Pass
260	513281	77	SavedShot	0.7619999694824219	0.595999984741211	0.02743530087172985	Vinícius Júnior	h	7008	OpenPlay	2022	RightFoot	19209	Real Madrid	Espanyol	3	1	2023-03-11 13:00:00	Rodrygo	Pass
261	515933	69	MissedShots	0.8340000152587891	0.6379999923706055	0.040751099586486816	Vinícius Júnior	a	7008	OpenPlay	2022	RightFoot	19213	Barcelona	Real Madrid	2	1	2023-03-19 20:00:00	Karim Benzema	Pass
262	515936	77	SavedShot	0.7969999694824219	0.77	0.02181440033018589	Vinícius Júnior	a	7008	OpenPlay	2022	RightFoot	19213	Barcelona	Real Madrid	2	1	2023-03-19 20:00:00	Aurelien Tchouameni	Pass
263	517035	18	BlockedShot	0.8130000305175781	0.565	0.04491860046982765	Vinícius Júnior	h	7008	FromCorner	2022	RightFoot	19226	Real Madrid	Real Valladolid	6	0	2023-04-02 14:15:00	Eduardo Camavinga	Pass
264	517052	56	SavedShot	0.8780000305175781	0.67	0.06196409836411476	Vinícius Júnior	h	7008	OpenPlay	2022	RightFoot	19226	Real Madrid	Real Valladolid	6	0	2023-04-02 14:15:00		None
265	518412	13	MissedShots	0.9219999694824219	0.664000015258789	0.03341950103640556	Vinícius Júnior	h	7008	SetPiece	2022	RightFoot	19234	Real Madrid	Villarreal	2	3	2023-04-08 19:00:00	Aurelien Tchouameni	Pass
266	518429	47	Goal	0.909000015258789	0.5570000076293945	0.3919219970703125	Vinícius Júnior	h	7008	OpenPlay	2022	RightFoot	19234	Real Madrid	Villarreal	2	3	2023-04-08 19:00:00	Dani Ceballos	TakeOn
267	518431	53	MissedShots	0.8859999847412109	0.6359999847412109	0.09170310199260712	Vinícius Júnior	h	7008	OpenPlay	2022	RightFoot	19234	Real Madrid	Villarreal	2	3	2023-04-08 19:00:00	Karim Benzema	Pass
268	518433	62	BlockedShot	0.8869999694824219	0.5779999923706055	0.11799199879169464	Vinícius Júnior	h	7008	OpenPlay	2022	RightFoot	19234	Real Madrid	Villarreal	2	3	2023-04-08 19:00:00	Federico Valverde	Pass
269	518438	72	MissedShots	0.8819999694824219	0.6859999847412109	0.03983239829540253	Vinícius Júnior	h	7008	OpenPlay	2022	RightFoot	19234	Real Madrid	Villarreal	2	3	2023-04-08 19:00:00	Dani Ceballos	Pass
270	521157	65	SavedShot	0.9459999847412109	0.26799999237060546	0.06660761684179306	Vinícius Júnior	h	7008	OpenPlay	2022	RightFoot	19257	Real Madrid	Celta Vigo	2	0	2023-04-22 19:00:00	Nacho	TakeOn
271	521870	4	BlockedShot	0.879000015258789	0.69	0.018128814175724983	Vinícius Júnior	a	7008	OpenPlay	2022	RightFoot	19268	Girona	Real Madrid	4	2	2023-04-25 17:30:00	Eder Militão	Cross
272	521882	33	Goal	0.9669999694824218	0.565	0.4011123478412628	Vinícius Júnior	a	7008	FromCorner	2022	Head	19268	Girona	Real Madrid	4	2	2023-04-25 17:30:00	Marco Asensio	Cross
273	521898	88	BlockedShot	0.9290000152587891	0.585	0.051318105310201645	Vinícius Júnior	a	7008	OpenPlay	2022	Head	19268	Girona	Real Madrid	4	2	2023-04-25 17:30:00	Lucas Vázquez	Aerial
274	522875	13	SavedShot	0.8630000305175781	0.7569999694824219	0.014830504544079304	Vinícius Júnior	h	7008	SetPiece	2022	RightFoot	19280	Real Madrid	Almeria	4	2	2023-04-29 16:30:00	Toni Kroos	Cross
275	528230	40	MissedShots	0.915	0.5479999923706055	0.2932358682155609	Vinícius Júnior	a	7008	OpenPlay	2022	Head	19308	Valencia	Real Madrid	1	0	2023-05-21 16:30:00	Marco Asensio	Cross
276	530869	23	SavedShot	0.845	0.639000015258789	0.05006064847111702	Vinícius Júnior	h	7008	OpenPlay	2022	RightFoot	19332	Real Madrid	Athletic Club	1	1	2023-06-04 18:00:00	Rodrygo	Pass
